-- Drop all existing Geography tables, so that we can create them
--drop table if exists Monasteries, CountriesRivers, MountainsCountries, Peaks, Mountains, Rivers, Countries, Continents, Currencies;

-- CREATE TABLE if not existss
CREATE TABLE if not exists Continents(
	continent_code char(2) primary key not NULL,
	continent_name varchar(50) NOT NULL
);

CREATE TABLE if not exists Countries(
	country_code char(2) NOT null PRIMARY KEY,
	iso_code char(3) NOT NULL,
	country_name varchar(45) NOT NULL,
	currency_code char(3),
	continent_code char(2) NOT NULL,
	population int NOT NULL,
	area_in_sq_km int NOT NULL,
	capital varchar(30) NOT NULL
 );

CREATE TABLE if not exists Currencies(
	currency_code char(3) NOT null PRIMARY KEY,
	description varchar(200) NOT NULL
);

CREATE TABLE if not exists Mountains(
	id serial PRIMARY KEY,
	mountain_range varchar(50) NOT NULL
);

CREATE TABLE if not exists MountainsCountries(
	mountain_id int NOT NULL,
	country_code char(2) NOT NULL,
    PRIMARY KEY (mountain_id, country_code)
);


CREATE TABLE if not exists Peaks(
	id serial primary key,
	peak_name varchar(50) NOT NULL,
	elevation int NOT NULL,
	mountain_id int NOT NULL
);


CREATE TABLE if not exists Rivers(
	id serial primary key,
	river_name varchar(50) NOT NULL,
	length int NOT NULL,
	drainage_area int NOT NULL,
	average_discharge int NOT NULL,
	outflow varchar(50) NOT NULL
);


CREATE TABLE if not exists CountriesRivers(
	river_id int NOT NULL,
	country_code char(2) NOT NULL,
  PRIMARY KEY (country_code, river_id)
);



-- insert into table data
insert into continents (continent_code, continent_name) VALUES
('AF', 'Africa'),
('A', 'Antarctica'),
('AS', 'Asia'),
('EU', 'Europe'),
('NA', 'North America'),
('OC', 'Oceania'),
('SA', 'South America');


insert into Countries (country_code, iso_code, country_name, currency_code, continent_code, population, area_in_sq_km, capital) VALUES
('AD', 'AND', 'Andorra', 'EUR', 'EU', 84000, 468, 'Andorra la Vella'),
('AE', 'ARE', 'United Arab Emirates', 'AED', 'AS', 4975593, 82880, 'Abu Dhabi'),
('AF', 'AFG', 'Afghanista', 'AF', 'AS', 29121286, 647500, 'Kabul'),
('AG', 'ATG', 'Antigua and Barbuda', 'XCD', 'NA', 86754, 443, 'St. Joh''s'),
('AI', 'AIA', 'Anguilla', 'XCD', 'NA', 13254, 102, 'The Valley'),
('AL', 'ALB', 'Albania', 'ALL', 'EU', 2986952, 28748, 'Tirana'),
('AM', 'ARM', 'Armenia', 'AMD', 'AS', 2968000, 29800, 'Yereva'),
('AO', 'AGO', 'Angola', 'AOA', 'AF', 13068161, 1246700, 'Luanda'),
('AQ', 'ATA', 'Antarctica', NULL, 'A', 0, 14000000, ''),
('AR', 'ARG', 'Argentina', 'ARS', 'SA', 41343201, 2766890, 'Buenos Aires'),
('AS', 'ASM', 'American Samoa', 'USD', 'OC', 57881, 199, 'Pago Pago'),
('AT', 'AUT', 'Austria', 'EUR', 'EU', 8205000, 83858, 'Vienna'),
('AU', 'AUS', 'Australia', 'AUD', 'OC', 21515754, 7686850, 'Canberra'),
('AW', 'ABW', 'Aruba', 'AWG', 'NA', 71566, 193, 'Oranjestad'),
('AX', 'ALA', 'Åland', 'EUR', 'EU', 26711, 1580, 'Marieham'),
('AZ', 'AZE', 'Azerbaija', 'AZ', 'AS', 8303512, 86600, 'Baku'),
('BA', 'BIH', 'Bosnia and Herzegovina', 'BAM', 'EU', 4590000, 51129, 'Sarajevo'),
('BB', 'BRB', 'Barbados', 'BBD', 'NA', 285653, 431, 'Bridgetow'),
('BD', 'BGD', 'Bangladesh', 'BDT', 'AS', 156118464, 144000, 'Dhaka'),
('BE', 'BEL', 'Belgium', 'EUR', 'EU', 10403000, 30510, 'Brussels'),
('BF', 'BFA', 'Burkina Faso', 'XOF', 'AF', 16241811, 274200, 'Ouagadougou'),
('BG', 'BGR', 'Bulgaria', 'BG', 'EU', 7148785, 110910, 'Sofia'),
('BH', 'BHR', 'Bahrai', 'BHD', 'AS', 738004, 665, 'Manama'),
('BI', 'BDI', 'Burundi', 'BIF', 'AF', 9863117, 27830, 'Bujumbura'),
('BJ', 'BE', 'Beni', 'XOF', 'AF', 9056010, 112620, 'Porto-Novo'),
('BL', 'BLM', 'Saint Barthélemy', 'EUR', 'NA', 8450, 21, 'Gustavia'),
('BM', 'BMU', 'Bermuda', 'BMD', 'NA', 65365, 53, 'Hamilto'),
('B', 'BR', 'Brunei', 'BND', 'AS', 395027, 5770, 'Bandar Seri Begawa'),
('BO', 'BOL', 'Bolivia', 'BOB', 'SA', 9947418, 1098580, 'Sucre'),
('BQ', 'BES', 'Bonaire', 'USD', 'NA', 18012, 328, ''),
('BR', 'BRA', 'Brazil', 'BRL', 'SA', 201103330, 8511965, 'Brasília'),
('BS', 'BHS', 'Bahamas', 'BSD', 'NA', 301790, 13940, 'Nassau'),
('BT', 'BT', 'Bhuta', 'BT', 'AS', 699847, 47000, 'Thimphu'),
('BV', 'BVT', 'Bouvet Island', 'NOK', 'A', 0, 49, ''),
('BW', 'BWA', 'Botswana', 'BWP', 'AF', 2029307, 600370, 'Gaborone'),
('BY', 'BLR', 'Belarus', 'BYR', 'EU', 9685000, 207600, 'Minsk'),
('BZ', 'BLZ', 'Belize', 'BZD', 'NA', 314522, 22966, 'Belmopa'),
('CA', 'CA', 'Canada', 'CAD', 'NA', 33679000, 9984670, 'Ottawa'),
('CC', 'CCK', 'Cocos Islands', 'AUD', 'AS', 628, 14, 'West Island'),
('CD', 'COD', 'Democratic Republic of the Congo', 'CDF', 'AF', 70916439, 2345410, 'Kinshasa'),
('CF', 'CAF', 'Central African Republic', 'XAF', 'AF', 4844927, 622984, 'Bangui'),
('CG', 'COG', 'Republic of the Congo', 'XAF', 'AF', 3039126, 342000, 'Brazzaville'),
('CH', 'CHE', 'Switzerland', 'CHF', 'EU', 7581000, 41290, 'Berne'),
('CI', 'CIV', 'Ivory Coast', 'XOF', 'AF', 21058798, 322460, 'Yamoussoukro'),
('CK', 'COK', 'Cook Islands', 'NZD', 'OC', 21388, 240, 'Avarua'),
('CL', 'CHL', 'Chile', 'CLP', 'SA', 16746491, 756950, 'Santiago'),
('CM', 'CMR', 'Cameroo', 'XAF', 'AF', 19294149, 475440, 'Yaoundé'),
('C', 'CH', 'China', 'CNY', 'AS', 1330044000, 9596960, 'Beijing'),
('CO', 'COL', 'Colombia', 'COP', 'SA', 47790000, 1138910, 'Bogotá'),
('CR', 'CRI', 'Costa Rica', 'CRC', 'NA', 4516220, 51100, 'San José'),
('CU', 'CUB', 'Cuba', 'CUP', 'NA', 11423000, 110860, 'Havana'),
('CV', 'CPV', 'Cape Verde', 'CVE', 'AF', 508659, 4033, 'Praia'),
('CW', 'CUW', 'Curacao', 'ANG', 'NA', 141766, 444, 'Willemstad'),
('CX', 'CXR', 'Christmas Island', 'AUD', 'AS', 1500, 135, 'The Settlement'),
('CY', 'CYP', 'Cyprus', 'EUR', 'EU', 1102677, 9250, 'Nicosia'),
('CZ', 'CZE', 'Czech Republic', 'CZK', 'EU', 10476000, 78866, 'Prague'),
('DE', 'DEU', 'Germany', 'EUR', 'EU', 81802257, 357021, 'Berli'),
('DJ', 'DJI', 'Djibouti', 'DJF', 'AF', 740528, 23000, 'Djibouti'),
('DK', 'DNK', 'Denmark', 'DKK', 'EU', 5484000, 43094, 'Copenhage'),
('DM', 'DMA', 'Dominica', 'XCD', 'NA', 72813, 754, 'Roseau'),
('DO', 'DOM', 'Dominican Republic', 'DOP', 'NA', 9823821, 48730, 'Santo Domingo'),
('DZ', 'DZA', 'Algeria', 'DZD', 'AF', 34586184, 2381740, 'Algiers'),
('EC', 'ECU', 'Ecuador', 'USD', 'SA', 14790608, 283560, 'Quito'),
('EE', 'EST', 'Estonia', 'EUR', 'EU', 1291170, 45226, 'Tallin'),
('EG', 'EGY', 'Egypt', 'EGP', 'AF', 80471869, 1001450, 'Cairo'),
('EH', 'ESH', 'Western Sahara', 'MAD', 'AF', 273008, 266000, 'El Aaiú'),
('ER', 'ERI', 'Eritrea', 'ER', 'AF', 5792984, 121320, 'Asmara'),
('ES', 'ESP', 'Spai', 'EUR', 'EU', 46505963, 504782, 'Madrid'),
('ET', 'ETH', 'Ethiopia', 'ETB', 'AF', 88013491, 1127127, 'Addis Ababa'),
('FI', 'FI', 'Finland', 'EUR', 'EU', 5244000, 337030, 'Helsinki'),
('FJ', 'FJI', 'Fiji', 'FJD', 'OC', 875983, 18270, 'Suva'),
('FK', 'FLK', 'Falkland Islands', 'FKP', 'SA', 2638, 12173, 'Stanley'),
('FM', 'FSM', 'Micronesia', 'USD', 'OC', 107708, 702, 'Palikir'),
('FO', 'FRO', 'Faroe Islands', 'DKK', 'EU', 48228, 1399, 'Tórshav'),
('FR', 'FRA', 'France', 'EUR', 'EU', 64768389, 547030, 'Paris'),
('GA', 'GAB', 'Gabo', 'XAF', 'AF', 1545255, 267667, 'Libreville'),
('GB', 'GBR', 'United Kingdom', 'GBP', 'EU', 62348447, 244820, 'Londo'),
('GD', 'GRD', 'Grenada', 'XCD', 'NA', 107818, 344, 'St. George''s'),
('GE', 'GEO', 'Georgia', 'GEL', 'AS', 4630000, 69700, 'Tbilisi'),
('GF', 'GUF', 'French Guiana', 'EUR', 'SA', 195506, 91000, 'Cayenne'),
('GG', 'GGY', 'Guernsey', 'GBP', 'EU', 65228, 78, 'St Peter Port'),
('GH', 'GHA', 'Ghana', 'GHS', 'AF', 24339838, 239460, 'Accra'),
('GI', 'GIB', 'Gibraltar', 'GIP', 'EU', 27884, 6.5, 'Gibraltar'),
('GL', 'GRL', 'Greenland', 'DKK', 'NA', 56375, 2166086, 'Nuuk'),
('GM', 'GMB', 'Gambia', 'GMD', 'AF', 1593256, 11300, 'Banjul'),
('G', 'GI', 'Guinea', 'GNF', 'AF', 10324025, 245857, 'Conakry'),
('GP', 'GLP', 'Guadeloupe', 'EUR', 'NA', 443000, 1780, 'Basse-Terre'),
('GQ', 'GNQ', 'Equatorial Guinea', 'XAF', 'AF', 1014999, 28051, 'Malabo'),
('GR', 'GRC', 'Greece', 'EUR', 'EU', 11000000, 131940, 'Athens'),
('GS', 'SGS', 'South Georgia and the South Sandwich Islands', 'GBP', 'A', 30, 3903, 'Grytvike'),
('GT', 'GTM', 'Guatemala', 'GTQ', 'NA', 13550440, 108890, 'Guatemala City'),
('GU', 'GUM', 'Guam', 'USD', 'OC', 159358, 549, 'Hagåtña'),
('GW', 'GNB', 'Guinea-Bissau', 'XOF', 'AF', 1565126, 36120, 'Bissau'),
('GY', 'GUY', 'Guyana', 'GYD', 'SA', 748486, 214970, 'Georgetow'),
('HK', 'HKG', 'Hong Kong', 'HKD', 'AS', 6898686, 1092, 'Hong Kong'),
('HM', 'HMD', 'Heard Island and McDonald Islands', 'AUD', 'A', 0, 412, ''),
('H', 'HND', 'Honduras', 'HNL', 'NA', 7989415, 112090, 'Tegucigalpa'),
('HR', 'HRV', 'Croatia', 'HRK', 'EU', 4491000, 56542, 'Zagreb'),
('HT', 'HTI', 'Haiti', 'HTG', 'NA', 9648924, 27750, 'Port-au-Prince'),
('HU', 'HU', 'Hungary', 'HUF', 'EU', 9982000, 93030, 'Budapest'),
('ID', 'ID', 'Indonesia', 'IDR', 'AS', 242968342, 1919440, 'Jakarta'),
('IE', 'IRL', 'Ireland', 'EUR', 'EU', 4622917, 70280, 'Dubli'),
('IL', 'ISR', 'Israel', 'ILS', 'AS', 7353985, 20770, ''),
('IM', 'IM', 'Isle of Ma', 'GBP', 'EU', 75049, 572, 'Douglas'),
('I', 'IND', 'India', 'INR', 'AS', 1173108018, 3287590, 'New Delhi'),
('IO', 'IOT', 'British Indian Ocean Territory', 'USD', 'AS', 4000, 60, ''),
('IQ', 'IRQ', 'Iraq', 'IQD', 'AS', 29671605, 437072, 'Baghdad'),
('IR', 'IR', 'Ira', 'IRR', 'AS', 76923300, 1648000, 'Tehra'),
('IS', 'ISL', 'Iceland', 'ISK', 'EU', 308910, 103000, 'Reykjavik'),
('IT', 'ITA', 'Italy', 'EUR', 'EU', 60340328, 301230, 'Rome'),
('JE', 'JEY', 'Jersey', 'GBP', 'EU', 90812, 116, 'Saint Helier'),
('JM', 'JAM', 'Jamaica', 'JMD', 'NA', 2847232, 10991, 'Kingsto'),
('JO', 'JOR', 'Jorda', 'JOD', 'AS', 6407085, 92300, 'Amma'),
('JP', 'JP', 'Japa', 'JPY', 'AS', 127288000, 377835, 'Tokyo'),
('KE', 'KE', 'Kenya', 'KES', 'AF', 40046566, 582650, 'Nairobi'),
('KG', 'KGZ', 'Kyrgyzsta', 'KGS', 'AS', 5508626, 198500, 'Bishkek'),
('KH', 'KHM', 'Cambodia', 'KHR', 'AS', 14453680, 181040, 'Phnom Penh'),
('KI', 'KIR', 'Kiribati', 'AUD', 'OC', 92533, 811, 'Tarawa'),
('KM', 'COM', 'Comoros', 'KMF', 'AF', 773407, 2170, 'Moroni'),
('K', 'KNA', 'Saint Kitts and Nevis', 'XCD', 'NA', 51134, 261, 'Basseterre'),
('KP', 'PRK', 'North Korea', 'KPW', 'AS', 22912177, 120540, 'Pyongyang'),
('KR', 'KOR', 'South Korea', 'KRW', 'AS', 48422644, 98480, 'Seoul'),
('KW', 'KWT', 'Kuwait', 'KWD', 'AS', 2789132, 17820, 'Kuwait City'),
('KY', 'CYM', 'Cayman Islands', 'KYD', 'NA', 44270, 262, 'George Tow'),
('KZ', 'KAZ', 'Kazakhsta', 'KZT', 'AS', 15340000, 2717300, 'Astana'),
('LA', 'LAO', 'Laos', 'LAK', 'AS', 6368162, 236800, 'Vientiane'),
('LB', 'LB', 'Lebano', 'LBP', 'AS', 4125247, 10400, 'Beirut'),
('LC', 'LCA', 'Saint Lucia', 'XCD', 'NA', 160922, 616, 'Castries'),
('LI', 'LIE', 'Liechtenstei', 'CHF', 'EU', 35000, 160, 'Vaduz'),
('LK', 'LKA', 'Sri Lanka', 'LKR', 'AS', 21513990, 65610, 'Colombo'),
('LR', 'LBR', 'Liberia', 'LRD', 'AF', 3685076, 111370, 'Monrovia'),
('LS', 'LSO', 'Lesotho', 'LSL', 'AF', 1919552, 30355, 'Maseru'),
('LT', 'LTU', 'Lithuania', 'EUR', 'EU', 2944459, 65200, 'Vilnius'),
('LU', 'LUX', 'Luxembourg', 'EUR', 'EU', 497538, 2586, 'Luxembourg'),
('LV', 'LVA', 'Latvia', 'EUR', 'EU', 2217969, 64589, 'Riga'),
('LY', 'LBY', 'Libya', 'LYD', 'AF', 6461454, 1759540, 'Tripoli'),
('MA', 'MAR', 'Morocco', 'MAD', 'AF', 31627428, 446550, 'Rabat'),
('MC', 'MCO', 'Monaco', 'EUR', 'EU', 32965, 1.95, 'Monaco'),
('MD', 'MDA', 'Moldova', 'MDL', 'EU', 4324000, 33843, 'Chisinau'),
('ME', 'MNE', 'Montenegro', 'EUR', 'EU', 666730, 14026, 'Podgorica'),
('MF', 'MAF', 'Saint Marti', 'EUR', 'NA', 35925, 53, 'Marigot'),
('MG', 'MDG', 'Madagascar', 'MGA', 'AF', 21281844, 587040, 'Antananarivo'),
('MH', 'MHL', 'Marshall Islands', 'USD', 'OC', 65859, 181.3, 'Majuro'),
('MK', 'MKD', 'Macedonia', 'MKD', 'EU', 2062294, 25333, 'Skopje'),
('ML', 'MLI', 'Mali', 'XOF', 'AF', 13796354, 1240000, 'Bamako'),
('MM', 'MMR', 'Myanmar', 'MMK', 'AS', 53414374, 678500, 'Nay Pyi Taw'),
('M', 'MNG', 'Mongolia', 'MNT', 'AS', 3086918, 1565000, 'Ulan Bator'),
('MO', 'MAC', 'Macao', 'MOP', 'AS', 449198, 254, 'Macao'),
('MP', 'MNP', 'Northern Mariana Islands', 'USD', 'OC', 53883, 477, 'Saipa'),
('MQ', 'MTQ', 'Martinique', 'EUR', 'NA', 432900, 1100, 'Fort-de-France'),
('MR', 'MRT', 'Mauritania', 'MRO', 'AF', 3205060, 1030700, 'Nouakchott'),
('MS', 'MSR', 'Montserrat', 'XCD', 'NA', 9341, 102, 'Plymouth'),
('MT', 'MLT', 'Malta', 'EUR', 'EU', 403000, 316, 'Valletta'),
('MU', 'MUS', 'Mauritius', 'MUR', 'AF', 1294104, 2040, 'Port Louis'),
('MV', 'MDV', 'Maldives', 'MVR', 'AS', 395650, 300, 'Malé'),
('MW', 'MWI', 'Malawi', 'MWK', 'AF', 15447500, 118480, 'Lilongwe'),
('MX', 'MEX', 'Mexico', 'MX', 'NA', 112468855, 1972550, 'Mexico City'),
('MY', 'MYS', 'Malaysia', 'MYR', 'AS', 28274729, 329750, 'Kuala Lumpur'),
('MZ', 'MOZ', 'Mozambique', 'MZ', 'AF', 22061451, 801590, 'Maputo'),
('NA', 'NAM', 'Namibia', 'NAD', 'AF', 2128471, 825418, 'Windhoek'),
('NC', 'NCL', 'New Caledonia', 'XPF', 'OC', 216494, 19060, 'Noumea'),
('NE', 'NER', 'Niger', 'XOF', 'AF', 15878271, 1267000, 'Niamey'),
('NF', 'NFK', 'Norfolk Island', 'AUD', 'OC', 1828, 34.6, 'Kingsto'),
('NG', 'NGA', 'Nigeria', 'NG', 'AF', 154000000, 923768, 'Abuja'),
('NI', 'NIC', 'Nicaragua', 'NIO', 'NA', 5995928, 129494, 'Managua'),
('NL', 'NLD', 'Netherlands', 'EUR', 'EU', 16645000, 41526, 'Amsterdam'),
('NO', 'NOR', 'Norway', 'NOK', 'EU', 5009150, 324220, 'Oslo'),
('NP', 'NPL', 'Nepal', 'NPR', 'AS', 28951852, 140800, 'Kathmandu'),
('NR', 'NRU', 'Nauru', 'AUD', 'OC', 10065, 21, ''),
('NU', 'NIU', 'Niue', 'NZD', 'OC', 2166, 260, 'Alofi'),
('NZ', 'NZL', 'New Zealand', 'NZD', 'OC', 4252277, 268680, 'Wellingto'),
('OM', 'OM', 'Oma', 'OMR', 'AS', 2967717, 212460, 'Muscat'),
('PA', 'PA', 'Panama', 'PAB', 'NA', 3410676, 78200, 'Panama City'),
('PE', 'PER', 'Peru', 'PE', 'SA', 29907003, 1285220, 'Lima'),
('PF', 'PYF', 'French Polynesia', 'XPF', 'OC', 270485, 4167, 'Papeete'),
('PG', 'PNG', 'Papua New Guinea', 'PGK', 'OC', 6064515, 462840, 'Port Moresby'),
('PH', 'PHL', 'Philippines', 'PHP', 'AS', 99900177, 300000, 'Manila'),
('PK', 'PAK', 'Pakista', 'PKR', 'AS', 184404791, 803940, 'Islamabad'),
('PL', 'POL', 'Poland', 'PL', 'EU', 38500000, 312685, 'Warsaw'),
('PM', 'SPM', 'Saint Pierre and Miquelo', 'EUR', 'NA', 7012, 242, 'Saint-Pierre'),
('P', 'PC', 'Pitcairn Islands', 'NZD', 'OC', 46, 47, 'Adamstow'),
('PR', 'PRI', 'Puerto Rico', 'USD', 'NA', 3916632, 9104, 'San Jua'),
('PS', 'PSE', 'Palestine', 'ILS', 'AS', 3800000, 5970, ''),
('PT', 'PRT', 'Portugal', 'EUR', 'EU', 10676000, 92391, 'Lisbo'),
('PW', 'PLW', 'Palau', 'USD', 'OC', 19907, 458, 'Melekeok - Palau State capital'),
('PY', 'PRY', 'Paraguay', 'PYG', 'SA', 6375830, 406750, 'Asunció'),
('QA', 'QAT', 'Qatar', 'QAR', 'AS', 840926, 11437, 'Doha'),
('RE', 'REU', 'Réunio', 'EUR', 'AF', 776948, 2517, 'Saint-Denis'),
('RO', 'ROU', 'Romania', 'RO', 'EU', 21959278, 237500, 'Bucharest'),
('RS', 'SRB', 'Serbia', 'RSD', 'EU', 7344847, 88361, 'Belgrade'),
('RU', 'RUS', 'Russia', 'RUB', 'EU', 140702000, 17100000, 'Moscow'),
('RW', 'RWA', 'Rwanda', 'RWF', 'AF', 11055976, 26338, 'Kigali'),
('SA', 'SAU', 'Saudi Arabia', 'SAR', 'AS', 25731776, 1960582, 'Riyadh'),
('SB', 'SLB', 'Solomon Islands', 'SBD', 'OC', 559198, 28450, 'Honiara'),
('SC', 'SYC', 'Seychelles', 'SCR', 'AF', 88340, 455, 'Victoria'),
('SD', 'SD', 'Suda', 'SDG', 'AF', 35000000, 1861484, 'Khartoum'),
('SE', 'SWE', 'Swede', 'SEK', 'EU', 9555893, 449964, 'Stockholm'),
('SG', 'SGP', 'Singapore', 'SGD', 'AS', 4701069, 692.7, 'Singapore'),
('SH', 'SH', 'Saint Helena', 'SHP', 'AF', 7460, 410, 'Jamestow'),
('SI', 'SV', 'Slovenia', 'EUR', 'EU', 2007000, 20273, 'Ljubljana'),
('SJ', 'SJM', 'Svalbard and Jan Maye', 'NOK', 'EU', 2550, 62049, 'Longyearbye'),
('SK', 'SVK', 'Slovakia', 'EUR', 'EU', 5455000, 48845, 'Bratislava'),
('SL', 'SLE', 'Sierra Leone', 'SLL', 'AF', 5245695, 71740, 'Freetow'),
('SM', 'SMR', 'San Marino', 'EUR', 'EU', 31477, 61.2, 'San Marino'),
('S', 'SE', 'Senegal', 'XOF', 'AF', 12323252, 196190, 'Dakar'),
('SO', 'SOM', 'Somalia', 'SOS', 'AF', 10112453, 637657, 'Mogadishu'),
('SR', 'SUR', 'Suriname', 'SRD', 'SA', 492829, 163270, 'Paramaribo'),
('SS', 'SSD', 'South Suda', 'SSP', 'AF', 8260490, 644329, 'Juba'),
('ST', 'STP', 'São Tomé and Príncipe', 'STD', 'AF', 175808, 1001, 'São Tomé'),
('SV', 'SLV', 'El Salvador', 'USD', 'NA', 6052064, 21040, 'San Salvador'),
('SX', 'SXM', 'Sint Maarte', 'ANG', 'NA', 37429, 21, 'Philipsburg'),
('SY', 'SYR', 'Syria', 'SYP', 'AS', 22198110, 185180, 'Damascus'),
('SZ', 'SWZ', 'Swaziland', 'SZL', 'AF', 1354051, 17363, 'Mbabane'),
('TC', 'TCA', 'Turks and Caicos Islands', 'USD', 'NA', 20556, 430, 'Cockburn Tow'),
('TD', 'TCD', 'Chad', 'XAF', 'AF', 10543464, 1284000, '''Djamena'),
('TF', 'ATF', 'French Southern Territories', 'EUR', 'A', 140, 7829, 'Port-aux-Français'),
('TG', 'TGO', 'Togo', 'XOF', 'AF', 6587239, 56785, 'Lomé'),
('TH', 'THA', 'Thailand', 'THB', 'AS', 67089500, 514000, 'Bangkok'),
('TJ', 'TJK', 'Tajikista', 'TJS', 'AS', 7487489, 143100, 'Dushanbe'),
('TK', 'TKL', 'Tokelau', 'NZD', 'OC', 1466, 10, ''),
('TL', 'TLS', 'East Timor', 'USD', 'OC', 1154625, 15007, 'Dili'),
('TM', 'TKM', 'Turkmenista', 'TMT', 'AS', 4940916, 488100, 'Ashgabat'),
('T', 'TU', 'Tunisia', 'TND', 'AF', 10589025, 163610, 'Tunis'),
('TO', 'TO', 'Tonga', 'TOP', 'OC', 122580, 748, 'Nuku''alofa'),
('TR', 'TUR', 'Turkey', 'TRY', 'AS', 77804122, 780580, 'Ankara'),
('TT', 'TTO', 'Trinidad and Tobago', 'TTD', 'NA', 1228691, 5128, 'Port of Spai'),
('TV', 'TUV', 'Tuvalu', 'AUD', 'OC', 10472, 26, 'Funafuti'),
('TW', 'TW', 'Taiwa', 'TWD', 'AS', 22894384, 35980, 'Taipei'),
('TZ', 'TZA', 'Tanzania', 'TZS', 'AF', 41892895, 945087, 'Dodoma'),
('UA', 'UKR', 'Ukraine', 'UAH', 'EU', 45415596, 603700, 'Kyiv'),
('UG', 'UGA', 'Uganda', 'UGX', 'AF', 33398682, 236040, 'Kampala'),
('UM', 'UMI', 'U.S. Minor Outlying Islands', 'USD', 'OC', 0, 0, ''),
('US', 'USA', 'United States', 'USD', 'NA', 310232863, 9629091, 'Washingto'),
('UY', 'URY', 'Uruguay', 'UYU', 'SA', 3477000, 176220, 'Montevideo'),
('UZ', 'UZB', 'Uzbekista', 'UZS', 'AS', 27865738, 447400, 'Tashkent'),
('VA', 'VAT', 'Vatican City', 'EUR', 'EU', 921, 0.44, 'Vatica'),
('VC', 'VCT', 'Saint Vincent and the Grenadines', 'XCD', 'NA', 104217, 389, 'Kingstow'),
('VE', 'VE', 'Venezuela', 'VEF', 'SA', 27223228, 912050, 'Caracas'),
('VG', 'VGB', 'British Virgin Islands', 'USD', 'NA', 21730, 153, 'Road Tow'),
('VI', 'VIR', 'U.S. Virgin Islands', 'USD', 'NA', 108708, 352, 'Charlotte Amalie'),
('V', 'VNM', 'Vietnam', 'VND', 'AS', 89571130, 329560, 'Hanoi'),
('VU', 'VUT', 'Vanuatu', 'VUV', 'OC', 221552, 12200, 'Port Vila'),
('WF', 'WLF', 'Wallis and Futuna', 'XPF', 'OC', 16025, 274, 'Mata-Utu'),
('WS', 'WSM', 'Samoa', 'WST', 'OC', 192001, 2944, 'Apia'),
('XK', 'XKX', 'Kosovo', 'EUR', 'EU', 1800000, 10908, 'Pristina'),
('YE', 'YEM', 'Yeme', 'YER', 'AS', 23495361, 527970, 'Sanaa'),
('YT', 'MYT', 'Mayotte', 'EUR', 'AF', 159042, 374, 'Mamoutzou'),
('ZA', 'ZAF', 'South Africa', 'ZAR', 'AF', 49000000, 1219912, 'Pretoria'),
('ZM', 'ZMB', 'Zambia', 'ZMW', 'AF', 13460305, 752614, 'Lusaka'),
('ZW', 'ZWE', 'Zimbabwe', 'ZWD', 'AF', 11651858, 390580, 'Harare');


insert into Currencies (currency_code, description) VALUES
('AED', 'United Arab Emirates Dirham'),
('AF', 'Afghanistan Afghani'),
('ALL', 'Albania Lek'),
('AMD', 'Armenia Dram'),
('ANG', 'Netherlands Antilles Guilder'),
('AOA', 'Angola Kwanza'),
('ARS', 'Argentina Peso'),
('AUD', 'Australia Dollar'),
('AWG', 'Aruba Guilder'),
('AZ', 'Azerbaijan New Manat'),
('BAM', 'Bosnia and Herzegovina Convertible Marka'),
('BBD', 'Barbados Dollar'),
('BDT', 'Bangladesh Taka'),
('BG', 'Bulgaria Lev'),
('BHD', 'Bahrain Dinar'),
('BIF', 'Burundi Franc'),
('BMD', 'Bermuda Dollar'),
('BND', 'Brunei Darussalam Dollar'),
('BOB', 'Bolivia Boliviano'),
('BRL', 'Brazil Real'),
('BSD', 'Bahamas Dollar'),
('BT', 'Bhutan Ngultrum'),
('BWP', 'Botswana Pula'),
('BYR', 'Belarus Ruble'),
('BZD', 'Belize Dollar'),
('CAD', 'Canada Dollar'),
('CDF', 'Congo/Kinshasa Franc'),
('CHF', 'Switzerland Franc'),
('CLP', 'Chile Peso'),
('CNY', 'China Yuan Renminbi'),
('COP', 'Colombia Peso'),
('CRC', 'Costa Rica Colo'),
('CUC', 'Cuba Convertible Peso'),
('CUP', 'Cuba Peso'),
('CVE', 'Cape Verde Escudo'),
('CZK', 'Czech Republic Koruna'),
('DJF', 'Djibouti Franc'),
('DKK', 'Denmark Krone'),
('DOP', 'Dominican Republic Peso'),
('DZD', 'Algeria Dinar'),
('EGP', 'Egypt Pound'),
('ER', 'Eritrea Nakfa'),
('ETB', 'Ethiopia Birr'),
('EUR', 'Euro Member Countries'),
('FJD', 'Fiji Dollar'),
('FKP', 'Falkland Islands (Malvinas) Pound'),
('GBP', 'United Kingdom Pound'),
('GEL', 'Georgia Lari'),
('GGP', 'Guernsey Pound'),
('GHS', 'Ghana Cedi'),
('GIP', 'Gibraltar Pound'),
('GMD', 'Gambia Dalasi'),
('GNF', 'Guinea Franc'),
('GTQ', 'Guatemala Quetzal'),
('GYD', 'Guyana Dollar'),
('HKD', 'Hong Kong Dollar'),
('HNL', 'Honduras Lempira'),
('HRK', 'Croatia Kuna'),
('HTG', 'Haiti Gourde'),
('HUF', 'Hungary Forint'),
('IDR', 'Indonesia Rupiah'),
('ILS', 'Israel Shekel'),
('IMP', 'Isle of Man Pound'),
('INR', 'India Rupee'),
('IQD', 'Iraq Dinar'),
('IRR', 'Iran Rial'),
('ISK', 'Iceland Krona'),
('JEP', 'Jersey Pound'),
('JMD', 'Jamaica Dollar'),
('JOD', 'Jordan Dinar'),
('JPY', 'Japan Ye'),
('KES', 'Kenya Shilling'),
('KGS', 'Kyrgyzstan Som'),
('KHR', 'Cambodia Riel'),
('KMF', 'Comoros Franc'),
('KPW', 'Korea (North) Wo'),
('KRW', 'Korea (South) Wo'),
('KWD', 'Kuwait Dinar'),
('KYD', 'Cayman Islands Dollar'),
('KZT', 'Kazakhstan Tenge'),
('LAK', 'Laos Kip'),
('LBP', 'Lebanon Pound'),
('LKR', 'Sri Lanka Rupee'),
('LRD', 'Liberia Dollar'),
('LSL', 'Lesotho Loti'),
('LYD', 'Libya Dinar'),
('MAD', 'Morocco Dirham'),
('MDL', 'Moldova Leu'),
('MGA', 'Madagascar Ariary'),
('MKD', 'Macedonia Denar'),
('MMK', 'Myanmar (Burma) Kyat'),
('MNT', 'Mongolia Tughrik'),
('MOP', 'Macau Pataca'),
('MRO', 'Mauritania Ouguiya'),
('MUR', 'Mauritius Rupee'),
('MVR', 'Maldives (Maldive Islands) Rufiyaa'),
('MWK', 'Malawi Kwacha'),
('MX', 'Mexico Peso'),
('MYR', 'Malaysia Ringgit'),
('MZ', 'Mozambique Metical'),
('NAD', 'Namibia Dollar'),
('NG', 'Nigeria Naira'),
('NIO', 'Nicaragua Cordoba'),
('NOK', 'Norway Krone'),
('NPR', 'Nepal Rupee'),
('NZD', 'New Zealand Dollar'),
('OMR', 'Oman Rial'),
('PAB', 'Panama Balboa'),
('PE', 'Peru Nuevo Sol'),
('PGK', 'Papua New Guinea Kina'),
('PHP', 'Philippines Peso'),
('PKR', 'Pakistan Rupee'),
('PL', 'Poland Zloty'),
('PYG', 'Paraguay Guarani'),
('QAR', 'Qatar Riyal'),
('RO', 'Romania New Leu'),
('RSD', 'Serbia Dinar'),
('RUB', 'Russia Ruble'),
('RWF', 'Rwanda Franc'),
('SAR', 'Saudi Arabia Riyal'),
('SBD', 'Solomon Islands Dollar'),
('SCR', 'Seychelles Rupee'),
('SDG', 'Sudan Pound'),
('SEK', 'Sweden Krona'),
('SGD', 'Singapore Dollar'),
('SHP', 'Saint Helena Pound'),
('SLL', 'Sierra Leone Leone'),
('SOS', 'Somalia Shilling'),
('SPL', 'Seborga Luigino'),
('SRD', 'Suriname Dollar'),
('SSP', 'South Sudanese Pound'),
('STD', 'São Tomé and Príncipe Dobra'),
('SVC', 'El Salvador Colo'),
('SYP', 'Syria Pound'),
('SZL', 'Swaziland Lilangeni'),
('THB', 'Thailand Baht'),
('TJS', 'Tajikistan Somoni'),
('TMT', 'Turkmenistan Manat'),
('TND', 'Tunisia Dinar'),
('TOP', 'Tonga Pa''anga'),
('TRY', 'Turkey Lira'),
('TTD', 'Trinidad and Tobago Dollar'),
('TVD', 'Tuvalu Dollar'),
('TWD', 'Taiwan New Dollar'),
('TZS', 'Tanzania Shilling'),
('UAH', 'Ukraine Hryvnia'),
('UGX', 'Uganda Shilling'),
('USD', 'United States Dollar'),
('UYU', 'Uruguay Peso'),
('UZS', 'Uzbekistan Som'),
('VEF', 'Venezuela Bolivar'),
('VND', 'Viet Nam Dong'),
('VUV', 'Vanuatu Vatu'),
('WST', 'Samoa Tala'),
('XAF', 'Communauté Financière Africaine (BEAC) CFA Franc BEAC'),
('XCD', 'East Caribbean Dollar'),
('XDR', 'International Monetary Fund (IMF) Special Drawing Rights'),
('XOF', 'Communauté Financière Africaine (BCEAO) Franc'),
('XPF', 'Comptoirs Français du Pacifique (CFP) Franc'),
('YER', 'Yemen Rial'),
('ZAR', 'South Africa Rand'),
('ZMW', 'Zambia Kwacha'),
('ZWD', 'Zimbabwe Dollar');

insert into Mountains (id, mountain_range) VALUES
(1, 'Alaska Range'),
(2, 'Alborz'),
(3, 'Andes'),
(4, 'Balkan Mountains'),
(5, 'Caucasus'),
(6, 'Cordillera Neovolcanica'),
(7, 'Ellsworth Mountains'),
(8, 'Executive Committee Range'),
(9, 'Himalayas'),
(10, 'Jayawijaya Mountains'),
(11, 'Karakoram'),
(12, 'Kenyan Highlands'),
(13, 'Kilimanjaro'),
(14, 'Kilimanjaro Regio'),
(15, 'Maoke Mountains'),
(16, 'Piri'),
(17, 'Rila'),
(18, 'Saint Elias Mountains'),
(19, 'Sentinel Range'),
(20, 'Southern Highlands'),
(21, 'The Sudirman Range'),
(22, 'Trans-Mexican Volcanic Belt'),
(23, 'Rhodope Mountains'),
(24, 'Vitosha'),
(25, 'Strandza'),
(26, 'Monte Rosa');

insert into MountainsCountries (mountain_id, country_code) VALUES
(1, 'US'),
(2, 'IR'),
(3, 'AR'),
(3, 'CL'),
(4, 'BG'),
(5, 'GE'),
(5, 'RU'),
(6, 'MX'),
(9, 'C'),
(9, 'I'),
(9, 'NP'),
(10, 'ID'),
(11, 'C'),
(11, 'PK'),
(12, 'KE'),
(13, 'TZ'),
(14, 'TZ'),
(15, 'ID'),
(16, 'BG'),
(17, 'BG'),
(18, 'CA'),
(20, 'PG'),
(21, 'ID'),
(22, 'MX'),
(23, 'BG'),
(24, 'BG'),
(25, 'BG'),
(26, 'IT'),
(26, 'CH');

insert into Peaks (id, peak_name, elevation, mountain_id) VALUES
(62, 'Aconcagua', 6962, 3),
(63, 'Botev', 2376, 4),
(64, 'Carstensz Pyramid', 4884, 21),
(65, 'Damavand', 5610, 2),
(66, 'Dykh-Tau', 5205, 5),
(67, 'Elbrus', 5642, 5),
(68, 'Everest', 8848, 9),
(69, 'Julianatop', 4760, 10),
(70, 'K2', 8611, 11),
(71, 'Kangchenjunga', 8586, 9),
(72, 'Kilimanjaro', 5895, 13),
(73, 'Malyovitsa', 2729, 17),
(74, 'Mawenzi', 5149, 14),
(75, 'Monte Pissis', 6793, 3),
(76, 'Mount Giluwe', 4368, 20),
(77, 'Mount Kenya', 5199, 12),
(78, 'Mount Loga', 5959, 18),
(79, 'Mount McKinley', 6194, 1),
(80, 'Mount Shin', 4661, 19),
(81, 'Mount Sidley', 4285, 8),
(82, 'Mount Tyree', 4852, 19),
(83, 'Musala', 2925, 17),
(84, 'Ojos del Salado', 6893, 3),
(85, 'Pico de Orizaba', 5636, 22),
(86, 'Puncak Trikora', 4750, 15),
(87, 'Shkhara', 5193, 5),
(88, 'Vihre', 2914, 16),
(89, 'Vinson Massif', 4897, 7),
(90, 'Golyam Perelik', 2191, 23),
(91, 'Shirokolashki Snezhnik', 2188, 23),
(92, 'Golyam Persenk', 2091, 23),
(93, 'Batashki Snezhnik', 2082, 23),
(94, 'Cerro Bonete', 6759, 3),
(95, 'Galá', 5912, 3),
(96, 'Mercedario', 6720, 3),
(97, 'Pissis', 6795, 3),
(98, 'Lhotse', 8516, 9),
(99, 'Makalu', 8462, 9),
(100, 'Cho Oyu', 8201, 9),
(101, 'Kutelo', 2908, 16),
(102, 'Banski Suhodol', 2884, 16),
(103, 'Golyam Polezha', 2851, 16),
(104, 'Kamenitsa', 2822, 16),
(105, 'Malak Polezha', 2822, 16),
(106, 'Malka Musala', 2902, 17),
(107, 'Orlovets', 2685, 17),
(108, 'Vezhe', 2198, 4),
(109, 'Kom', 2016, 4);

insert into Rivers (id, river_name, length, drainage_area, average_discharge, outflow) VALUES
(1, 'Nile', 6650, 3254555, 5100, 'Mediterranea'),
(2, 'Amazo', 6400, 7050000, 219000, 'Atlantic Ocea'),
(3, 'Yangtze', 6300, 1800000, 31900, 'East China Sea'),
(4, 'Mississippi', 6275, 2980000, 16200, 'Gulf of Mexico'),
(5, 'Yenisei', 5539, 2580000, 19600, 'Kara Sea'),
(6, 'Yellow River', 5464, 745000, 2110, 'Bohai Sea'),
(7, 'Ob', 5410, 2990000, 12800, 'Gulf of Ob'),
(8, 'Paraná', 4880, 2582672, 18000, 'Río de la Plata'),
(9, 'Congo', 4700, 3680000, 41800, 'Atlantic Ocea'),
(10, 'Amur', 4444, 1855000, 11400, 'Sea of Okhotsk'),
(11, 'Lena', 4400, 2490000, 17100, 'Laptev Sea'),
(12, 'Mekong', 4350, 810000, 16000, 'South China Sea'),
(13, 'Mackenzie', 4241, 1790000, 10300, 'Beaufort Sea'),
(14, 'Niger', 4200, 2090000, 9570, 'Gulf of Guinea'),
(15, 'Murray', 3672, 1061000, 7670, 'Southern Ocea'),
(16, 'Tocantins', 3650, 950000, 13598, 'Atlantic Ocean, Amazo'),
(17, 'Volga', 3645, 1380000, 8080, 'Caspian Sea'),
(18, 'Shatt al-Arab', 3596, 884000, 8560, 'Persian Gulf'),
(19, 'Madeira', 3380, 1485200, 31200, 'Amazo'),
(20, 'Purús', 3211, 63166, 8400, 'Amazo'),
(21, 'Yuko', 3185, 850000, 6210, 'Bering Sea'),
(22, 'Indus', 3180, 960000, 7160, 'Arabian Sea'),
(23, 'São Francisco', 3180, 610000, 3300, 'Atlantic Ocea'),
(24, 'Syr Darya', 3078, 219000, 7030, 'Aral Sea'),
(25, 'Salwee', 3060, 324000, 3153, 'Andaman Sea'),
(26, 'Saint Lawrence', 3058, 1030000, 10100, 'Gulf of Saint Lawrence'),
(27, 'Rio Grande', 3057, 570000, 820, 'Gulf of Mexico'),
(28, 'Lower Tunguska', 2989, 473000, 3600, 'Yenisei'),
(29, 'Brahmaputra', 2948, 1730000, 19200, 'Ganges'),
(30, 'Danube', 2888, 817000, 7130, 'Black Sea');

insert into CountriesRivers (river_id, country_code) VALUES
(9, 'AO'),
(8, 'AR'),
(30, 'AT'),
(15, 'AU'),
(29, 'BD'),
(14, 'BF'),
(30, 'BG'),
(1, 'BI'),
(9, 'BI'),
(14, 'BJ'),
(2, 'BO'),
(8, 'BO'),
(19, 'BO'),
(2, 'BR'),
(8, 'BR'),
(16, 'BR'),
(19, 'BR'),
(20, 'BR'),
(23, 'BR'),
(29, 'BT'),
(4, 'CA'),
(13, 'CA'),
(21, 'CA'),
(26, 'CA'),
(1, 'CD'),
(9, 'CD'),
(9, 'CF'),
(9, 'CG'),
(9, 'CM'),
(14, 'CM'),
(3, 'C'),
(6, 'C'),
(7, 'C'),
(10, 'C'),
(12, 'C'),
(22, 'C'),
(25, 'C'),
(29, 'C'),
(2, 'CO'),
(30, 'DE'),
(14, 'DZ'),
(2, 'EC'),
(1, 'EG'),
(1, 'ER'),
(1, 'ET'),
(14, 'G'),
(2, 'GY'),
(30, 'HR'),
(30, 'HU'),
(22, 'I'),
(29, 'I'),
(18, 'IQ'),
(1, 'KE'),
(24, 'KG'),
(12, 'KH'),
(7, 'KZ'),
(24, 'KZ'),
(12, 'LA'),
(14, 'ML'),
(12, 'MM'),
(25, 'MM'),
(5, 'M'),
(7, 'M'),
(10, 'M'),
(27, 'MX'),
(14, 'NE'),
(14, 'NG'),
(29, 'NP'),
(2, 'PE'),
(19, 'PE'),
(20, 'PE'),
(22, 'PK'),
(8, 'PY'),
(30, 'RO'),
(30, 'RS'),
(5, 'RU'),
(7, 'RU'),
(10, 'RU'),
(11, 'RU'),
(17, 'RU'),
(28, 'RU'),
(1, 'RW'),
(9, 'RW'),
(1, 'SD'),
(30, 'SK'),
(1, 'SS'),
(18, 'SY'),
(14, 'TD'),
(12, 'TH'),
(25, 'TH'),
(24, 'TJ'),
(18, 'TR'),
(1, 'TZ'),
(9, 'TZ'),
(1, 'UG'),
(4, 'US'),
(21, 'US'),
(26, 'US'),
(27, 'US'),
(8, 'UY'),
(24, 'UZ'),
(2, 'VE'),
(12, 'V'),
(9, 'ZM');

-- Add integrity constraints
ALTER TABLE Countries ADD CONSTRAINT FK_Countries_Continents
FOREIGN KEY(continent_code) REFERENCES Continents (continent_code);


ALTER TABLE Countries ADD CONSTRAINT FK_Countries_Currencies
FOREIGN KEY(currency_code) REFERENCES Currencies (currency_code);


ALTER TABLE CountriesRivers ADD CONSTRAINT FK_CountriesRivers_Countries
FOREIGN KEY(country_code) REFERENCES Countries (country_code);

ALTER TABLE CountriesRivers ADD CONSTRAINT FK_CountriesRivers_Rivers
FOREIGN KEY(river_id) REFERENCES Rivers (id);

ALTER TABLE MountainsCountries ADD CONSTRAINT FK_MountainsCountries_Countries
FOREIGN KEY(country_code) REFERENCES Countries (country_code);

ALTER TABLE MountainsCountries ADD CONSTRAINT FK_MountainsCountries_Mountains
FOREIGN KEY(mountain_id) REFERENCES Mountains (id);

ALTER TABLE Peaks ADD CONSTRAINT FK_Peaks_Mountains
FOREIGN KEY(mountain_id) REFERENCES Mountains (id);
